feature	metadata	value	name	coef	null_hypothesis	stderr	pval_individual	qval_individual	pval_joint	qval_joint	error	model	N	N_not_zero
PWY-7761: NAD salvage pathway II (PNC IV cycle)	treatment	F. prausnitzii	treatmentF. prausnitzii	0.839203766471572	0.04765376185067101	0.18991515632936945	0.001199282410646374	0.37726016352249303	0.001199282410646374	0.2875684089595474	NA	linear	16	16
PWY-I9: L-cysteine biosynthesis VI (from L-methionine)	treatment	F. prausnitzii	treatmentF. prausnitzii	-0.5561097985730767	0.04765376185067101	0.1504923375838066	0.0018493145270710443	0.37726016352249303	0.0018493145270710443	0.2875684089595474	NA	linear	16	16
FERMENTATION-PWY: mixed acid fermentation	treatment	F. prausnitzii	treatmentF. prausnitzii	-0.5519894476730943	0.04765376185067101	0.1736944419297957	0.004928866381684327	0.4262253675330674	0.004928866381684327	0.3248923757421176	NA	linear	16	16
NAGLIPASYN-PWY: lipid IVA biosynthesis (E. coli)	treatment	F. prausnitzii	treatmentF. prausnitzii	1.1931047359654365	0.04765376185067101	0.38101867292346747	0.009859200869360096	0.4262253675330674	0.009859200869360096	0.3248923757421176	NA	linear	16	16
PWY-1269: CMP-3-deoxy-D-manno-octulosonate biosynthesis	treatment	F. prausnitzii	treatmentF. prausnitzii	1.0254210008751226	0.04765376185067101	0.3146207764594486	0.008234779423038963	0.4262253675330674	0.008234779423038963	0.3248923757421176	NA	linear	16	16
PWY-6527: stachyose degradation	treatment	F. prausnitzii	treatmentF. prausnitzii	-0.2368500068882849	0.04765376185067101	0.07392845886923914	0.005798003485113057	0.4262253675330674	0.005798003485113057	0.3248923757421176	NA	linear	16	16
PWY-8073: lipid IVA biosynthesis (P. putida)	treatment	F. prausnitzii	treatmentF. prausnitzii	1.1931047359654365	0.04765376185067101	0.38101867292346747	0.009825356497916715	0.4262253675330674	0.009825356497916715	0.3248923757421176	NA	linear	16	16
PWY0-1261: anhydromuropeptides recycling I	treatment	F. prausnitzii	treatmentF. prausnitzii	1.2281366583162883	0.04765376185067101	0.3787980140887824	0.007888691688749838	0.4262253675330674	0.007888691688749838	0.3248923757421176	NA	linear	16	16
PWY0-1477: ethanolamine utilization	treatment	F. prausnitzii	treatmentF. prausnitzii	-0.5683392302273617	0.04765376185067101	0.20317658771838037	0.010446700184634006	0.4262253675330674	0.010446700184634006	0.3248923757421176	NA	linear	16	16
RIBOSYN2-PWY: flavin biosynthesis I (bacteria and plants)	treatment	F. prausnitzii	treatmentF. prausnitzii	-0.36138962601458	0.04765376185067101	0.12495860722349884	0.008367942082092128	0.4262253675330674	0.008367942082092128	0.3248923757421176	NA	linear	16	16
PHOSLIPSYN-PWY: superpathway of phospholipid biosynthesis I (bacteria)	treatment	F. prausnitzii	treatmentF. prausnitzii	1.3699858176477717	0.04765376185067101	0.4659631282304464	0.01355029852110512	0.5025928906009899	0.01355029852110512	0.3831038945512448	NA	linear	16	16
PWY-8131: 5'-deoxyadenosine degradation II	treatment	F. prausnitzii	treatmentF. prausnitzii	-1.508284740577938	0.04765376185067101	0.5744784639563284	0.017234545862921502	0.5859745593393311	0.017234545862921502	0.44666198028071563	NA	linear	16	16
ARGININE-SYN4-PWY: L-ornithine biosynthesis II	treatment	F. prausnitzii	treatmentF. prausnitzii	1.218256895781393	0.04765376185067101	0.5060674876398547	0.03705465668357211	0.5893931813540415	0.03705465668357211	0.4991864907437552	NA	linear	16	16
ARGSYN-PWY: L-arginine biosynthesis I (via L-ornithine)	treatment	F. prausnitzii	treatmentF. prausnitzii	-0.19730423004955291	0.04765376185067101	0.11960233818530681	0.07669974629935972	0.5893931813540415	0.07669974629935972	0.4991864907437552	NA	linear	16	16
ARGSYNBSUB-PWY: L-arginine biosynthesis II (acetyl cycle)	treatment	F. prausnitzii	treatmentF. prausnitzii	-0.2172126955361128	0.04765376185067101	0.13017356354073759	0.07556651821105209	0.5893931813540415	0.07556651821105209	0.4991864907437552	NA	linear	16	16
BRANCHED-CHAIN-AA-SYN-PWY: superpathway of branched chain amino acid biosynthesis	treatment	F. prausnitzii	treatmentF. prausnitzii	-0.12640802332887568	0.04765376185067101	0.0911073789551085	0.11002996625655226	0.5893931813540415	0.11002996625655226	0.4991864907437552	NA	linear	16	16
COBALSYN-PWY: superpathway of adenosylcobalamin salvage from cobinamide I	treatment	F. prausnitzii	treatmentF. prausnitzii	1.4941961782169622	0.04765376185067101	0.5476759542047402	0.019685716776018936	0.5893931813540415	0.019685716776018936	0.47094291671860683	NA	linear	16	16
DTDPRHAMSYN-PWY: dTDP-&beta;-L-rhamnose biosynthesis	treatment	F. prausnitzii	treatmentF. prausnitzii	-0.13955212915109821	0.04765376185067101	0.06496292060349021	0.03449908402172697	0.5893931813540415	0.03449908402172697	0.4991864907437552	NA	linear	16	16
FUC-RHAMCAT-PWY: superpathway of fucose and rhamnose degradation	treatment	F. prausnitzii	treatmentF. prausnitzii	-2.045825441281346	0.04765376185067101	0.8584630182004253	0.0589858833192064	0.5893931813540415	0.11449243220746579	0.4991864907437552	NA	linear	16	7
GLCMANNANAUT-PWY: superpathway of N-acetylglucosamine, N-acetylmannosamine and N-acetylneuraminate degradation	treatment	F. prausnitzii	treatmentF. prausnitzii	0.4281366021798534	0.04765376185067101	0.21476847154238116	0.10516987556635837	0.5893931813540415	0.10516987556635837	0.4991864907437552	NA	linear	16	16
GLUTORN-PWY: L-ornithine biosynthesis I	treatment	F. prausnitzii	treatmentF. prausnitzii	-0.3035607743221708	0.04765376185067101	0.16499633674392145	0.05947206528122695	0.5893931813540415	0.05947206528122695	0.4991864907437552	NA	linear	16	16
GLYCOCAT-PWY: glycogen degradation I	treatment	F. prausnitzii	treatmentF. prausnitzii	1.1726148904246363	0.04765376185067101	0.515360069331623	0.0473742920849487	0.5893931813540415	0.0473742920849487	0.4991864907437552	NA	linear	16	16
GLYCOLYSIS-E-D: superpathway of glycolysis and the Entner-Doudoroff pathway	treatment	F. prausnitzii	treatmentF. prausnitzii	1.3657825913320527	0.04765376185067101	0.583258542727625	0.04084091900634179	0.5893931813540415	0.04084091900634179	0.4991864907437552	NA	linear	16	16
HISDEG-PWY: L-histidine degradation I	treatment	F. prausnitzii	treatmentF. prausnitzii	0.609462938424895	0.04765376185067101	0.29151887197237886	0.07772445860654709	0.5893931813540415	0.07772445860654709	0.4991864907437552	NA	linear	16	16
LACTOSECAT-PWY: lactose and galactose degradation I	treatment	F. prausnitzii	treatmentF. prausnitzii	1.700418819999356	0.04765376185067101	0.8453415744464777	0.07112138208525476	0.5893931813540415	0.07112138208525476	0.4991864907437552	NA	linear	16	16
METH-ACETATE-PWY: methanogenesis from acetate	treatment	F. prausnitzii	treatmentF. prausnitzii	-0.3313106839119737	0.04765376185067101	0.20679873773166635	0.09510597395777876	0.5893931813540415	0.09510597395777876	0.4991864907437552	NA	linear	16	16
P161-PWY: acetylene degradation (anaerobic)	treatment	F. prausnitzii	treatmentF. prausnitzii	-0.4041380912122179	0.04765376185067101	0.23968423189245205	0.08555942297634966	0.5893931813540415	0.08555942297634966	0.4991864907437552	NA	linear	16	16
P164-PWY: purine nucleobases degradation I (anaerobic)	treatment	F. prausnitzii	treatmentF. prausnitzii	-0.4865485437966895	0.04765376185067101	0.2278628432651292	0.03765978189965313	0.5893931813540415	0.03765978189965313	0.4991864907437552	NA	linear	16	16
P41-PWY: pyruvate fermentation to acetate and (S)-lactate I	treatment	F. prausnitzii	treatmentF. prausnitzii	-0.18677051628254956	0.04765376185067101	0.11693312005440809	0.08373214817129826	0.5893931813540415	0.08373214817129826	0.4991864907437552	NA	linear	16	16
PENTOSE-P-PWY: pentose phosphate pathway	treatment	F. prausnitzii	treatmentF. prausnitzii	0.9816469590333543	0.04765376185067101	0.42903213560489917	0.04809880971373315	0.5893931813540415	0.04809880971373315	0.4991864907437552	NA	linear	16	16
PWY-1042: glycolysis IV	treatment	F. prausnitzii	treatmentF. prausnitzii	-0.12408621497420459	0.04765376185067101	0.07710823567988738	0.07716672666383673	0.5893931813540415	0.07716672666383673	0.4991864907437552	NA	linear	16	16
PWY-2941: L-lysine biosynthesis II	treatment	F. prausnitzii	treatmentF. prausnitzii	0.7420292884916967	0.04765376185067101	0.33534043785548817	0.059300393070133905	0.5893931813540415	0.059300393070133905	0.4991864907437552	NA	linear	16	16
PWY-5005: biotin biosynthesis II	treatment	F. prausnitzii	treatmentF. prausnitzii	-0.4769964283699976	0.04765376185067101	0.26280217435698017	0.06917296101931769	0.5893931813540415	0.06917296101931769	0.4991864907437552	NA	linear	16	16
PWY-5100: pyruvate fermentation to acetate and lactate II	treatment	F. prausnitzii	treatmentF. prausnitzii	-0.17366527181067515	0.04765376185067101	0.11513166408342827	0.09620050714698891	0.5893931813540415	0.09620050714698891	0.4991864907437552	NA	linear	16	16
PWY-5130: 2-oxobutanoate degradation I	treatment	F. prausnitzii	treatmentF. prausnitzii	-0.7277880346295337	0.04765376185067101	0.29179490714014905	0.021017694780037566	0.5893931813540415	0.04159364606620832	0.4991864907437552	NA	linear	16	15
PWY-5384: sucrose degradation IV (sucrose phosphorylase)	treatment	F. prausnitzii	treatmentF. prausnitzii	0.8148108215648449	0.04765376185067101	0.4152221879046781	0.08740563116202926	0.5893931813540415	0.08740563116202926	0.4991864907437552	NA	linear	16	16
PWY-6123: inosine-5'-phosphate biosynthesis I	treatment	F. prausnitzii	treatmentF. prausnitzii	0.36485715060518625	0.04765376185067101	0.1742570348249239	0.10017025118104472	0.5893931813540415	0.10017025118104472	0.4991864907437552	NA	linear	16	16
PWY-6124: inosine-5'-phosphate biosynthesis II	treatment	F. prausnitzii	treatmentF. prausnitzii	0.3929038964612682	0.04765376185067101	0.18636379984976137	0.09397037946793496	0.5893931813540415	0.09397037946793496	0.4991864907437552	NA	linear	16	16
PWY-621: sucrose degradation III (sucrose invertase)	treatment	F. prausnitzii	treatmentF. prausnitzii	-0.6973460378448223	0.04765376185067101	0.3465892416926303	0.05126498771382182	0.5893931813540415	0.05126498771382182	0.4991864907437552	NA	linear	16	16
PWY-6270: isoprene biosynthesis I	treatment	F. prausnitzii	treatmentF. prausnitzii	1.1830472153282698	0.04765376185067101	0.6751938534508289	0.11556729046157677	0.5893931813540415	0.11556729046157677	0.4991864907437552	NA	linear	16	16
PWY-6317: D-galactose degradation I (Leloir pathway)	treatment	F. prausnitzii	treatmentF. prausnitzii	-0.12978109863044165	0.04765376185067101	0.060281063017684225	0.03494215380490351	0.5893931813540415	0.03494215380490351	0.4991864907437552	NA	linear	16	16
PWY-6353: purine nucleotides degradation II (aerobic)	treatment	F. prausnitzii	treatmentF. prausnitzii	-0.27005769442513294	0.04765376185067101	0.15618386320143196	0.07189018753851417	0.5893931813540415	0.07189018753851417	0.4991864907437552	NA	linear	16	16
PWY-6531: mannitol cycle	treatment	F. prausnitzii	treatmentF. prausnitzii	-0.3984072148639726	0.04765376185067101	0.2022166615032853	0.05070446261778683	0.5893931813540415	0.09883798270621512	0.4991864907437552	NA	linear	16	15
PWY-6562: norspermidine biosynthesis	treatment	F. prausnitzii	treatmentF. prausnitzii	-0.38446508458028256	0.04765376185067101	0.21978710026587867	0.07808432566418433	0.5893931813540415	0.15007148941393827	0.5556218239016049	NA	linear	16	14
PWY-6565: superpathway of polyamine biosynthesis III	treatment	F. prausnitzii	treatmentF. prausnitzii	-0.39999565828875266	0.04765376185067101	0.22007989054669255	0.06972069300670192	0.5893931813540415	0.1345804109800691	0.5262521116259095	NA	linear	16	14
PWY-6588: pyruvate fermentation to acetone	treatment	F. prausnitzii	treatmentF. prausnitzii	-0.8086819807025748	0.04765376185067101	0.4519475399798285	0.08024161264861995	0.5893931813540415	0.08024161264861995	0.4991864907437552	NA	linear	16	16
PWY-6609: adenine and adenosine salvage III	treatment	F. prausnitzii	treatmentF. prausnitzii	-0.10066744484081608	0.04765376185067101	0.06193820684964636	0.07592630627272556	0.5893931813540415	0.07592630627272556	0.4991864907437552	NA	linear	16	16
PWY-6876: isopropanol biosynthesis (engineered)	treatment	F. prausnitzii	treatmentF. prausnitzii	-0.9365023106971349	0.04765376185067101	0.4863184474583941	0.0667823824364695	0.5893931813540415	0.12910487826904812	0.5262521116259095	NA	linear	16	14
PWY-6901: superpathway of glucose and xylose degradation	treatment	F. prausnitzii	treatmentF. prausnitzii	0.699008414253064	0.04765376185067101	0.3499772681636456	0.08634759652893242	0.5893931813540415	0.08634759652893242	0.4991864907437552	NA	linear	16	16
PWY-6902: chitin degradation II (Vibrio)	treatment	F. prausnitzii	treatmentF. prausnitzii	1.148740643753066	0.04765376185067101	0.46989112522872617	0.035057950955663	0.5893931813540415	0.035057950955663	0.4991864907437552	NA	linear	16	16
PWY-7209: superpathway of pyrimidine ribonucleosides degradation	treatment	F. prausnitzii	treatmentF. prausnitzii	1.6002562103363775	0.04765376185067101	0.5197740043223065	0.04094825278853198	0.5893931813540415	0.08021974617063043	0.4991864907437552	NA	linear	16	6
PWY-7211: superpathway of pyrimidine deoxyribonucleotides de novo biosynthesis	treatment	F. prausnitzii	treatmentF. prausnitzii	-2.1009752643993775	0.04765376185067101	0.9196147064769473	0.05230800884611919	0.5893931813540415	0.10187988990279272	0.4991864907437552	NA	linear	16	9
PWY-7221: guanosine ribonucleotides de novo biosynthesis	treatment	F. prausnitzii	treatmentF. prausnitzii	0.2210663120304771	0.04765376185067101	0.08953696392654856	0.10709885925725526	0.5893931813540415	0.10709885925725526	0.4991864907437552	NA	linear	16	16
PWY-7238: sucrose biosynthesis II	treatment	F. prausnitzii	treatmentF. prausnitzii	-0.2500892207518794	0.04765376185067101	0.17098189988534035	0.11484711251022839	0.5893931813540415	0.11484711251022839	0.4991864907437552	NA	linear	16	16
PWY-7315: dTDP-N-acetylthomosamine biosynthesis	treatment	F. prausnitzii	treatmentF. prausnitzii	-0.34500441027122447	0.04765376185067101	0.1808642728810832	0.05431626867335093	0.5893931813540415	0.05431626867335093	0.4991864907437552	NA	linear	16	16
PWY-7316: dTDP-N-acetylviosamine biosynthesis	treatment	F. prausnitzii	treatmentF. prausnitzii	-0.9738577323144888	0.04765376185067101	0.4308378909385628	0.033454063136100665	0.5893931813540415	0.033454063136100665	0.4991864907437552	NA	linear	16	16
PWY-7456: &beta;-(1,4)-mannan degradation	treatment	F. prausnitzii	treatmentF. prausnitzii	0.7519072708083817	0.04765376185067101	0.2899739585246583	0.030792038799188348	0.5893931813540415	0.030792038799188348	0.4991864907437552	NA	linear	16	16
PWY-7560: methylerythritol phosphate pathway II	treatment	F. prausnitzii	treatmentF. prausnitzii	1.221924654250707	0.04765376185067101	0.6939025075693612	0.11326402522698098	0.5893931813540415	0.11326402522698098	0.4991864907437552	NA	linear	16	16
PWY-7616: methanol oxidation to carbon dioxide	treatment	F. prausnitzii	treatmentF. prausnitzii	1.1682847567363293	0.04765376185067101	0.5527710144724783	0.11341824332925476	0.5893931813540415	0.21397278873861536	0.6590213737847839	NA	linear	16	6
PWY-8004: Entner-Doudoroff pathway I	treatment	F. prausnitzii	treatmentF. prausnitzii	1.3881353874828475	0.04765376185067101	0.7072461948529124	0.07932935721669787	0.5893931813540415	0.07932935721669787	0.4991864907437552	NA	linear	16	16
PWY0-1296: purine ribonucleosides degradation	treatment	F. prausnitzii	treatmentF. prausnitzii	-0.21207785455739242	0.04765376185067101	0.10241054036695117	0.03680567570144544	0.5893931813540415	0.03680567570144544	0.4991864907437552	NA	linear	16	16
PWY0-1297: superpathway of purine deoxyribonucleosides degradation	treatment	F. prausnitzii	treatmentF. prausnitzii	-0.4111023340509528	0.04765376185067101	0.24869714006976917	0.09094108234148512	0.5893931813540415	0.09094108234148512	0.4991864907437552	NA	linear	16	16
PWY4LZ-257: superpathway of fermentation (Chlamydomonas reinhardtii)	treatment	F. prausnitzii	treatmentF. prausnitzii	-0.3839522460898431	0.04765376185067101	0.23501315638885048	0.0930009116462922	0.5893931813540415	0.0930009116462922	0.4991864907437552	NA	linear	16	16
PWY66-389: phytol degradation	treatment	F. prausnitzii	treatmentF. prausnitzii	-0.3323160044127989	0.04765376185067101	0.024701185099535998	0.0877009757963263	0.5893931813540415	0.16771049043702482	0.5838703928500513	NA	linear	16	3
PWY66-399: gluconeogenesis III	treatment	F. prausnitzii	treatmentF. prausnitzii	0.521282780407461	0.04765376185067101	0.22469731761177839	0.057724870973154374	0.5893931813540415	0.057724870973154374	0.4991864907437552	NA	linear	16	16
RUMP-PWY: formaldehyde oxidation I	treatment	F. prausnitzii	treatmentF. prausnitzii	-0.7018620427020058	0.04765376185067101	0.40365552721810405	0.11464247802546601	0.5893931813540415	0.2161420582831124	0.6590213737847839	NA	linear	16	8
UNMAPPED	treatment	F. prausnitzii	treatmentF. prausnitzii	-0.07087063779335778	0.04765376185067101	0.0530139432485029	0.11476301654382914	0.5893931813540415	0.11476301654382914	0.4991864907437552	NA	linear	16	16
VALSYN-PWY: L-valine biosynthesis	treatment	F. prausnitzii	treatmentF. prausnitzii	-0.18859222349870977	0.04765376185067101	0.11009447433556231	0.06820185257001898	0.5893931813540415	0.06820185257001898	0.4991864907437552	NA	linear	16	16
PWY-5695: inosine 5'-phosphate degradation	treatment	F. prausnitzii	treatmentF. prausnitzii	0.5067873194519135	0.04765376185067101	0.2737819156224239	0.12006063622484586	0.6047498713547792	0.12006063622484586	0.5045791603503658	NA	linear	16	16
ARG+POLYAMINE-SYN: superpathway of arginine and polyamine biosynthesis	treatment	F. prausnitzii	treatmentF. prausnitzii	0.4236184761180424	0.04765376185067101	0.23166332072562565	0.1332639294616218	0.6422464449844344	0.1332639294616218	0.5262521116259095	NA	linear	16	16
GLYCOGENSYNTH-PWY: glycogen biosynthesis I (from ADP-D-Glucose)	treatment	F. prausnitzii	treatmentF. prausnitzii	-0.19338475195903576	0.04765376185067101	0.14520325456527694	0.13537031810312783	0.6422464449844344	0.13537031810312783	0.5262521116259095	NA	linear	16	16
ILEUSYN-PWY: L-isoleucine biosynthesis I (from threonine)	treatment	F. prausnitzii	treatmentF. prausnitzii	-0.11784826748588892	0.04765376185067101	0.09208715655436825	0.12956451840305605	0.6422464449844344	0.12956451840305605	0.5262521116259095	NA	linear	16	16
POLYAMSYN-PWY: superpathway of polyamine biosynthesis I	treatment	F. prausnitzii	treatmentF. prausnitzii	0.42458284247891626	0.04765376185067101	0.2363030809144046	0.13904458966853062	0.6422464449844344	0.13904458966853062	0.5338625603322595	NA	linear	16	16
PWY-2942: L-lysine biosynthesis III	treatment	F. prausnitzii	treatmentF. prausnitzii	0.16306721167164492	0.04765376185067101	0.0584526204223563	0.14471903519761098	0.6422464449844344	0.14471903519761098	0.5426398323852656	NA	linear	16	16
PWY-6478: GDP-D-glycero-&alpha;-D-manno-heptose biosynthesis	treatment	F. prausnitzii	treatmentF. prausnitzii	0.8208967833573556	0.04765376185067101	0.4828688028183628	0.14197365864432576	0.6422464449844344	0.1949236013173592	0.6249612372133888	NA	linear	16	12
PWY-6549: L-glutamine biosynthesis III	treatment	F. prausnitzii	treatmentF. prausnitzii	-0.675581737018347	0.04765376185067101	0.46001842412136473	0.14152451640149155	0.6422464449844344	0.26301984406030676	0.6752880382991812	NA	linear	16	15
PWY-7111: pyruvate fermentation to isobutanol (engineered)	treatment	F. prausnitzii	treatmentF. prausnitzii	-0.25825752705367977	0.04765376185067101	0.19285164803465438	0.1448202768102156	0.6422464449844344	0.1448202768102156	0.5426398323852656	NA	linear	16	16
PWY66-429: fatty acid biosynthesis initiation (mitochondria)	treatment	F. prausnitzii	treatmentF. prausnitzii	-0.12938032309197403	0.04765376185067101	0.10108538155448231	0.13237454317441832	0.6422464449844344	0.13237454317441832	0.5262521116259095	NA	linear	16	16
PWY-7332: superpathway of UDP-N-acetylglucosamine-derived O-antigen building blocks biosynthesis	treatment	F. prausnitzii	treatmentF. prausnitzii	1.760679345729582	0.04765376185067101	0.8838272635321103	0.148298336146502	0.6494566437788746	0.2746042757891831	0.6752880382991812	NA	linear	16	5
ANAEROFRUCAT-PWY: homolactic fermentation	treatment	F. prausnitzii	treatmentF. prausnitzii	0.45367926926755137	0.04765376185067101	0.26965798394581836	0.1596957446224292	0.661071966826147	0.1596957446224292	0.5793948114370989	NA	linear	16	16
PROTOCATECHUATE-ORTHO-CLEAVAGE-PWY: protocatechuate degradation II (ortho-cleavage pathway)	treatment	F. prausnitzii	treatmentF. prausnitzii	-1.219528352303337	0.04765376185067101	0.6800369079592004	0.15990615609170122	0.661071966826147	0.2579270986933059	0.6752880382991812	NA	linear	16	5
PWY-6606: guanosine nucleotides degradation II	treatment	F. prausnitzii	treatmentF. prausnitzii	-0.3008316443202674	0.04765376185067101	0.23192162373736797	0.1620815067364232	0.6612925474846066	0.1620815067364232	0.5793948114370989	NA	linear	16	16
PYRIDNUCSYN-PWY: NAD de novo biosynthesis I (from aspartate)	treatment	F. prausnitzii	treatmentF. prausnitzii	0.3122247436007512	0.04765376185067101	0.17538601786810265	0.1667853059071993	0.6737465822785873	0.1667853059071993	0.5838703928500513	NA	linear	16	16
PWY-5188: tetrapyrrole biosynthesis I (from glutamate)	treatment	F. prausnitzii	treatmentF. prausnitzii	-0.2191364268294844	0.04765376185067101	0.1784033174966195	0.16896570854181547	0.6758628341672619	0.16896570854181547	0.5838703928500513	NA	linear	16	16
PWY-6147: 6-hydroxymethyl-dihydropterin diphosphate biosynthesis I	treatment	F. prausnitzii	treatmentF. prausnitzii	1.0683112013375478	0.04765376185067101	0.7099176295548644	0.17300433455739217	0.6802153130309206	0.17300433455739217	0.5854003543913323	NA	linear	16	16
PWY4FS-7: phosphatidylglycerol biosynthesis I (plastidic)	treatment	F. prausnitzii	treatmentF. prausnitzii	1.0523418184963738	0.04765376185067101	0.7020071228580009	0.17505541144178105	0.6802153130309206	0.17505541144178105	0.5854003543913323	NA	linear	16	16
PWY4FS-8: phosphatidylglycerol biosynthesis II (non-plastidic)	treatment	F. prausnitzii	treatmentF. prausnitzii	1.0523418184963738	0.04765376185067101	0.7020071228580009	0.1747422021793743	0.6802153130309206	0.1747422021793743	0.5854003543913323	NA	linear	16	16
PWY-7400: L-arginine biosynthesis IV (archaebacteria)	treatment	F. prausnitzii	treatmentF. prausnitzii	0.34890385798464124	0.04765376185067101	0.20883640923691	0.1803781237506894	0.69428560839888	0.1803781237506894	0.596782941345366	NA	linear	16	16
BIOTIN-BIOSYNTHESIS-PWY: biotin biosynthesis I	treatment	F. prausnitzii	treatmentF. prausnitzii	0.8673469960108764	0.04765376185067101	0.5921209963598847	0.19733077304745494	0.7000952643770575	0.35572211210340354	0.7682609504455452	NA	linear	16	12
FASYN-ELONG-PWY: fatty acid elongation -- saturated	treatment	F. prausnitzii	treatmentF. prausnitzii	0.9027156640241548	0.04765376185067101	0.6163604996068341	0.1963015101932173	0.7000952643770575	0.35406873748229684	0.7682609504455452	NA	linear	16	12
HEMESYN2-PWY: heme b biosynthesis II (oxygen-independent)	treatment	F. prausnitzii	treatmentF. prausnitzii	-0.4852908920096712	0.04765376185067101	0.3889605820269697	0.19487898002563808	0.7000952643770575	0.19487898002563808	0.6249612372133888	NA	linear	16	16
PWY-5989: stearate biosynthesis II (bacteria and plants)	treatment	F. prausnitzii	treatmentF. prausnitzii	0.9027907754975785	0.04765376185067101	0.6128960989417206	0.1938720437690764	0.7000952643770575	0.35015771818295394	0.7682609504455452	NA	linear	16	12
PWY-6282: palmitoleate biosynthesis I (from (5Z)-dodec-5-enoate)	treatment	F. prausnitzii	treatmentF. prausnitzii	0.9092116814064589	0.04765376185067101	0.6197297196873022	0.19569440824128126	0.7000952643770575	0.35309251506565686	0.7682609504455452	NA	linear	16	12
PWY-6519: 8-amino-7-oxononanoate biosynthesis I	treatment	F. prausnitzii	treatmentF. prausnitzii	0.8829796579015551	0.04765376185067101	0.6006920258325066	0.19541581362682292	0.7000952643770575	0.3526442870382125	0.7682609504455452	NA	linear	16	12
PWY-7664: oleate biosynthesis IV (anaerobic)	treatment	F. prausnitzii	treatmentF. prausnitzii	0.9066347027118025	0.04765376185067101	0.6183744883969698	0.19553599822216983	0.7000952643770575	0.3528376698435989	0.7682609504455452	NA	linear	16	12
PWY-7851: coenzyme A biosynthesis II (eukaryotic)	treatment	F. prausnitzii	treatmentF. prausnitzii	0.18448474419434732	0.04765376185067101	0.08714321229642177	0.18564069637396352	0.7000952643770575	0.18564069637396352	0.6077290165505542	NA	linear	16	16
PWY0-862: (5Z)-dodecenoate biosynthesis I	treatment	F. prausnitzii	treatmentF. prausnitzii	0.910605199585437	0.04765376185067101	0.6204134830818377	0.19526892799487605	0.7000952643770575	0.3524079017494839	0.7682609504455452	NA	linear	16	12
POLYISOPRENSYN-PWY: polyisoprenoid biosynthesis (E. coli)	treatment	F. prausnitzii	treatmentF. prausnitzii	1.5312959725521393	0.04765376185067101	1.0637710348203526	0.20090225176023813	0.7066217130877341	0.11995651622314435	0.5045791603503658	NA	linear	16	10
KETOGLUCONMET-PWY: ketogluconate metabolism	treatment	F. prausnitzii	treatmentF. prausnitzii	-0.3079280256179976	0.04765376185067101	0.26784600212040377	0.21127543031852403	0.7362195459475775	0.21127543031852403	0.6590213737847839	NA	linear	16	16
PWY-6305: superpathway of putrescine biosynthesis	treatment	F. prausnitzii	treatmentF. prausnitzii	-0.40258874131941597	0.04765376185067101	0.34253897372535486	0.21311628720586595	0.7362195459475775	0.21311628720586595	0.6590213737847839	NA	linear	16	16
PWY-6969: TCA cycle V (2-oxoglutarate synthase)	treatment	F. prausnitzii	treatmentF. prausnitzii	-0.3512202146999429	0.04765376185067101	0.3038422960316276	0.2147307009013768	0.7362195459475775	0.2147307009013768	0.6590213737847839	NA	linear	16	16
CALVIN-PWY: Calvin-Benson-Bassham cycle	treatment	F. prausnitzii	treatmentF. prausnitzii	-0.08303026168377804	0.04765376185067101	0.09898693883510733	0.2507721356075776	0.7384544633846118	0.2507721356075776	0.6752880382991812	NA	linear	16	16
COA-PWY-1: superpathway of coenzyme A biosynthesis III (mammals)	treatment	F. prausnitzii	treatmentF. prausnitzii	0.15524582992775407	0.04765376185067101	0.07807267108082769	0.25551915079973364	0.7384544633846118	0.25551915079973364	0.6752880382991812	NA	linear	16	16
HEXITOLDEGSUPER-PWY: superpathway of hexitol degradation (bacteria)	treatment	F. prausnitzii	treatmentF. prausnitzii	0.5265885189351331	0.04765376185067101	0.3910406317696808	0.24325753816476103	0.7384544633846118	0.24325753816476103	0.6752880382991812	NA	linear	16	16
HOMOSER-METSYN-PWY: L-methionine biosynthesis I	treatment	F. prausnitzii	treatmentF. prausnitzii	0.48980835844505954	0.04765376185067101	0.3708783172891227	0.25929057043260473	0.7384544633846118	0.4448643564340433	0.8104637544872275	NA	linear	16	14
METSYN-PWY: superpathway of L-homoserine and L-methionine biosynthesis	treatment	F. prausnitzii	treatmentF. prausnitzii	0.48773779989688415	0.04765376185067101	0.3693033412859543	0.259085214505715	0.7384544633846118	0.4448643564340433	0.8104637544872275	NA	linear	16	14
PPGPPMET-PWY: ppGpp metabolism	treatment	F. prausnitzii	treatmentF. prausnitzii	0.8372919382807876	0.04765376185067101	0.622886676889047	0.22664497851671994	0.7384544633846118	0.22664497851671994	0.6703667611286983	NA	linear	16	16
PWY-3781: aerobic respiration I (cytochrome c)	treatment	F. prausnitzii	treatmentF. prausnitzii	1.132235752678398	0.04765376185067101	0.8472619199257355	0.22171016830908497	0.7384544633846118	0.22171016830908497	0.6629986763858214	NA	linear	16	16
PWY-5103: L-isoleucine biosynthesis III	treatment	F. prausnitzii	treatmentF. prausnitzii	-0.08272349869515554	0.04765376185067101	0.09117746244068962	0.22130532047733786	0.7384544633846118	0.22130532047733786	0.6629986763858214	NA	linear	16	16
PWY-5154: L-arginine biosynthesis III (via N-acetyl-L-citrulline)	treatment	F. prausnitzii	treatmentF. prausnitzii	0.48729293679530566	0.04765376185067101	0.35780600499360027	0.24248767984432396	0.7384544633846118	0.24248767984432396	0.6752880382991812	NA	linear	16	16
PWY-5347: superpathway of L-methionine biosynthesis (transsulfuration)	treatment	F. prausnitzii	treatmentF. prausnitzii	0.4761639555874905	0.04765376185067101	0.36079495400745115	0.26113434257538404	0.7384544633846118	0.4448643564340433	0.8104637544872275	NA	linear	16	14
PWY-6629: superpathway of L-tryptophan biosynthesis	treatment	F. prausnitzii	treatmentF. prausnitzii	-0.10551951075239215	0.04765376185067101	0.12367076476328547	0.26425086189743463	0.7384544633846118	0.26425086189743463	0.6752880382991812	NA	linear	16	16
PWY-6703: preQ0 biosynthesis	treatment	F. prausnitzii	treatmentF. prausnitzii	0.3915406212213034	0.04765376185067101	0.27490222291420846	0.23720158694152293	0.7384544633846118	0.23720158694152293	0.6752880382991812	NA	linear	16	16
PWY-6895: superpathway of thiamine diphosphate biosynthesis II	treatment	F. prausnitzii	treatmentF. prausnitzii	-0.27922042088459514	0.04765376185067101	0.2579879283667213	0.24694859030294447	0.7384544633846118	0.43291357435327726	0.8104637544872275	NA	linear	16	10
PWY-6897: thiamine diphosphate salvage II	treatment	F. prausnitzii	treatmentF. prausnitzii	0.2148750544855649	0.04765376185067101	0.12680199505485518	0.23521447461397016	0.7384544633846118	0.23521447461397016	0.6752880382991812	NA	linear	16	16
PWY-724: superpathway of L-lysine, L-threonine and L-methionine biosynthesis II	treatment	F. prausnitzii	treatmentF. prausnitzii	0.12246839124239349	0.04765376185067101	0.03977934976251724	0.24112405675380622	0.7384544633846118	0.24112405675380622	0.6752880382991812	NA	linear	16	16
PWY-7383: anaerobic energy metabolism (invertebrates, cytosol)	treatment	F. prausnitzii	treatmentF. prausnitzii	0.24495194133615486	0.04765376185067101	0.15000341048724833	0.22848513401814152	0.7384544633846118	0.22848513401814152	0.6703667611286983	NA	linear	16	16
THISYN-PWY: superpathway of thiamine diphosphate biosynthesis I	treatment	F. prausnitzii	treatmentF. prausnitzii	0.2050370652759014	0.04765376185067101	0.12547153188158322	0.2571210447910124	0.7384544633846118	0.2571210447910124	0.6752880382991812	NA	linear	16	16
TRPSYN-PWY: L-tryptophan biosynthesis	treatment	F. prausnitzii	treatmentF. prausnitzii	-0.1512224329818817	0.04765376185067101	0.16438219198967038	0.26250423225621855	0.7384544633846118	0.26250423225621855	0.6752880382991812	NA	linear	16	16
1CMET2-PWY: folate transformations III (E. coli)	treatment	F. prausnitzii	treatmentF. prausnitzii	0.23676158441045475	0.04765376185067101	0.16157884411931606	0.2777336849557326	0.7483004420448521	0.2777336849557326	0.6752880382991812	NA	linear	16	16
HISTSYN-PWY: L-histidine biosynthesis	treatment	F. prausnitzii	treatmentF. prausnitzii	-0.061357217298589825	0.04765376185067101	0.08502772720501842	0.27644148301217797	0.7483004420448521	0.27644148301217797	0.6752880382991812	NA	linear	16	16
P163-PWY: L-lysine fermentation to acetate and butanoate	treatment	F. prausnitzii	treatmentF. prausnitzii	-0.36271779602535786	0.04765376185067101	0.35827505439039886	0.27721354953960375	0.7483004420448521	0.4448643564340432	0.8104637544872275	NA	linear	16	14
PWY-5676: acetyl-CoA fermentation to butanoate II	treatment	F. prausnitzii	treatmentF. prausnitzii	-0.41793823527173646	0.04765376185067101	0.4102847257473882	0.27774396541270563	0.7483004420448521	0.27774396541270563	0.6752880382991812	NA	linear	16	16
PWY-5941: glycogen degradation II	treatment	F. prausnitzii	treatmentF. prausnitzii	-0.15780319191386843	0.04765376185067101	0.17400279504072982	0.27176805040550556	0.7483004420448521	0.27176805040550556	0.6752880382991812	NA	linear	16	16
THRESYN-PWY: superpathway of L-threonine biosynthesis	treatment	F. prausnitzii	treatmentF. prausnitzii	0.3292598180667951	0.04765376185067101	0.24730703684298042	0.28141672778791404	0.7483004420448521	0.28141672778791404	0.6752880382991812	NA	linear	16	16
HEME-BIOSYNTHESIS-II: heme b biosynthesis I (aerobic)	treatment	F. prausnitzii	treatmentF. prausnitzii	-0.4528709112769545	0.04765376185067101	0.4539509607551781	0.29104348451950024	0.7562644315537409	0.29104348451950024	0.6909505624852258	NA	linear	16	16
PWY-7977: L-methionine biosynthesis IV	treatment	F. prausnitzii	treatmentF. prausnitzii	0.2677759450557618	0.04765376185067101	0.19744376653751006	0.2947206975907961	0.7562644315537409	0.2947206975907961	0.6943798253843757	NA	linear	16	16
PWY0-301: L-ascorbate degradation I (bacterial, anaerobic)	treatment	F. prausnitzii	treatmentF. prausnitzii	-0.3972084670295482	0.04765376185067101	0.3942794798990451	0.2941266493397434	0.7562644315537409	0.5017428128276624	0.837379895926568	NA	linear	16	10
MET-SAM-PWY: superpathway of S-adenosyl-L-methionine biosynthesis	treatment	F. prausnitzii	treatmentF. prausnitzii	0.4746408940915182	0.04765376185067101	0.3908115098527966	0.29867258416966136	0.7616150896326365	0.4448643564340433	0.8104637544872275	NA	linear	16	14
PWY-6961: L-ascorbate degradation II (bacterial, aerobic)	treatment	F. prausnitzii	treatmentF. prausnitzii	-0.37803386592053984	0.04765376185067101	0.3834331575848183	0.3017540467769917	0.7646934850000783	0.5124525888076925	0.8399851140031684	NA	linear	16	10
NONOXIPENT-PWY: pentose phosphate pathway (non-oxidative branch) I	treatment	F. prausnitzii	treatmentF. prausnitzii	-0.11660506710211331	0.04765376185067101	0.15441595220837287	0.3238955673892687	0.7875378681725171	0.3238955673892687	0.7573798605869366	NA	linear	16	16
PWY-5189: tetrapyrrole biosynthesis II (from glycine)	treatment	F. prausnitzii	treatmentF. prausnitzii	-1.0203061500879076	0.04765376185067101	0.9682467621594223	0.33200347593660107	0.7875378681725171	0.553780643839217	0.8425022700479823	NA	linear	16	6
PWY-5484: glycolysis II (from fructose 6-phosphate)	treatment	F. prausnitzii	treatmentF. prausnitzii	0.46296044007373827	0.04765376185067101	0.413334504614742	0.333931498024131	0.7875378681725171	0.333931498024131	0.7682609504455452	NA	linear	16	16
PWY-5918: superpathway of heme b biosynthesis from glutamate	treatment	F. prausnitzii	treatmentF. prausnitzii	-0.8600532367773283	0.04765376185067101	0.8216732279102922	0.33159222428585244	0.7875378681725171	0.5532310453648659	0.8425022700479823	NA	linear	16	6
PWY-6859: all-trans-farnesol biosynthesis	treatment	F. prausnitzii	treatmentF. prausnitzii	1.093451996798318	0.04765376185067101	0.993773349959832	0.3277483775775869	0.7875378681725171	0.28227474269740394	0.6752880382991812	NA	linear	16	9
PWY66-367: ketogenesis	treatment	F. prausnitzii	treatmentF. prausnitzii	-0.3427223701817564	0.04765376185067101	0.38232134932500705	0.3299041746472078	0.7875378681725171	0.5509715848447602	0.8425022700479823	NA	linear	16	14
FOLSYN-PWY: superpathway of tetrahydrofolate biosynthesis and salvage	treatment	F. prausnitzii	treatmentF. prausnitzii	-1.0343608389939407	0.04765376185067101	0.8761879347343948	0.34248062267991464	0.78777024076444	0.5676682684486072	0.8425022700479823	NA	linear	16	4
FUCCAT-PWY: fucose degradation	treatment	F. prausnitzii	treatmentF. prausnitzii	-0.23847317607845564	0.04765376185067101	0.28905068860531896	0.3436840756276234	0.78777024076444	0.3436840756276234	0.7682609504455452	NA	linear	16	16
PWY-6612: superpathway of tetrahydrofolate biosynthesis	treatment	F. prausnitzii	treatmentF. prausnitzii	-1.0448087834831332	0.04765376185067101	0.8856574359124945	0.3429603150959424	0.78777024076444	0.5682988524611767	0.8425022700479823	NA	linear	16	4
PWY0-1241: ADP-L-glycero-&beta;-D-manno-heptose biosynthesis	treatment	F. prausnitzii	treatmentF. prausnitzii	-0.4082159610318124	0.04765376185067101	0.4613182654625218	0.34176561666365446	0.78777024076444	0.34176561666365446	0.7682609504455452	NA	linear	16	16
UDPNAGSYN-PWY: UDP-N-acetyl-D-glucosamine biosynthesis I	treatment	F. prausnitzii	treatmentF. prausnitzii	0.3967639172204186	0.04765376185067101	0.35960536511746316	0.35103538667233103	0.8001253506274361	0.35103538667233103	0.7682609504455452	NA	linear	16	16
PWY-6595: superpathway of guanosine nucleotides degradation (plants)	treatment	F. prausnitzii	treatmentF. prausnitzii	-1.0892614460198655	0.04765376185067101	1.1510619567057765	0.3563635859497538	0.8016133530384482	0.58573216650854	0.8538459455325714	NA	linear	16	9
PWY-7185: UTP and CTP dephosphorylation I	treatment	F. prausnitzii	treatmentF. prausnitzii	-2.611632514641485	0.04765376185067101	2.564076783044649	0.35819520831600293	0.8016133530384482	0.5436330297568326	0.8425022700479823	NA	linear	16	6
PWY-7210: pyrimidine deoxyribonucleotides biosynthesis from CTP	treatment	F. prausnitzii	treatmentF. prausnitzii	-2.3919150479545195	0.04765376185067101	2.3593789038575452	0.3595471657010687	0.8016133530384482	0.5436330297568326	0.8425022700479823	NA	linear	16	6
PWY-7392: taxadiene biosynthesis (engineered)	treatment	F. prausnitzii	treatmentF. prausnitzii	1.0368394638474903	0.04765376185067101	0.9965142308060545	0.3542579622079205	0.8016133530384482	0.28227474269740394	0.6752880382991812	NA	linear	16	9
P105-PWY: TCA cycle IV (2-oxoglutarate decarboxylase)	treatment	F. prausnitzii	treatmentF. prausnitzii	1.006386596260418	0.04765376185067101	0.8929989766724382	0.36175901885707695	0.8021613026830837	0.25792709869330543	0.6752880382991812	NA	linear	16	5
ALLANTOINDEG-PWY: superpathway of allantoin degradation in yeast	treatment	F. prausnitzii	treatmentF. prausnitzii	0.9814171321212573	0.04765376185067101	0.9726139271715218	0.36903949593373797	0.8077798680034695	0.28227474269740693	0.6752880382991812	NA	linear	16	9
ANAGLYCOLYSIS-PWY: glycolysis III (from glucose)	treatment	F. prausnitzii	treatmentF. prausnitzii	0.3001661699287851	0.04765376185067101	0.3136808171188767	0.43794899359781514	0.8077798680034695	0.43794899359781514	0.8104637544872275	NA	linear	16	16
COMPLETE-ARO-PWY: superpathway of aromatic amino acid biosynthesis	treatment	F. prausnitzii	treatmentF. prausnitzii	-0.023787442822576596	0.04765376185067101	0.07626616067955774	0.4335715989565041	0.8077798680034695	0.4335715989565041	0.8104637544872275	NA	linear	16	16
OANTIGEN-PWY: O-antigen building blocks biosynthesis (E. coli)	treatment	F. prausnitzii	treatmentF. prausnitzii	0.2580393495751076	0.04765376185067101	0.24925772991656192	0.4196147801498118	0.8077798680034695	0.4196147801498118	0.8104637544872275	NA	linear	16	16
P124-PWY: Bifidobacterium shunt	treatment	F. prausnitzii	treatmentF. prausnitzii	0.8246439655504239	0.04765376185067101	0.8439938669692362	0.3997568947151571	0.8077798680034695	0.639708214558009	0.8971205445418106	NA	linear	16	7
PWY-4041: &gamma;-glutamyl cycle	treatment	F. prausnitzii	treatmentF. prausnitzii	0.4078335721496478	0.04765376185067101	0.40563993311548985	0.39180902638723847	0.8077798680034695	0.39180902638723847	0.7974358812138054	NA	linear	16	16
PWY-5686: UMP biosynthesis I	treatment	F. prausnitzii	treatmentF. prausnitzii	-8.397387528056147e-5	0.04765376185067101	0.02566293810150818	0.38625184130104273	0.8077798680034695	0.38625184130104273	0.796985310192963	NA	linear	16	16
PWY-5690: TCA cycle II (plants and fungi)	treatment	F. prausnitzii	treatmentF. prausnitzii	-0.3305742924775596	0.04765376185067101	0.449320585367941	0.41658665540397877	0.8077798680034695	0.6596288693472843	0.8975930563139192	NA	linear	16	15
PWY-5973: cis-vaccenate biosynthesis	treatment	F. prausnitzii	treatmentF. prausnitzii	0.21234070858851464	0.04765376185067101	0.1934733562657752	0.4200559347707653	0.8077798680034695	0.4200559347707653	0.8104637544872275	NA	linear	16	16
PWY-6143: CMP-pseudaminate biosynthesis	treatment	F. prausnitzii	treatmentF. prausnitzii	0.28730976916749285	0.04765376185067101	0.253611563876474	0.3669959047868083	0.8077798680034695	0.3669959047868083	0.7871429406117062	NA	linear	16	16
PWY-6607: guanosine nucleotides degradation I	treatment	F. prausnitzii	treatmentF. prausnitzii	-1.0296216020138613	0.04765376185067101	1.303415542060688	0.43578338861044363	0.8077798680034695	0.6816596154320864	0.8975930563139192	NA	linear	16	9
PWY-6628: superpathway of L-phenylalanine biosynthesis	treatment	F. prausnitzii	treatmentF. prausnitzii	-0.34164733914510054	0.04765376185067101	0.4315513838584388	0.38424298055823636	0.8077798680034695	0.38424298055823636	0.796985310192963	NA	linear	16	16
PWY-6953: dTDP-3-acetamido-&alpha;-D-fucose biosynthesis	treatment	F. prausnitzii	treatmentF. prausnitzii	-0.32307315586152274	0.04765376185067101	0.44371640165954224	0.4202032023559523	0.8077798680034695	0.6638356734417072	0.8975930563139192	NA	linear	16	15
PWY-7115: C4 photosynthetic carbon assimilation cycle, NAD-ME type	treatment	F. prausnitzii	treatmentF. prausnitzii	-0.35736987064326053	0.04765376185067101	0.45714677418771	0.392307684327049	0.8077798680034695	0.392307684327049	0.7974358812138054	NA	linear	16	16
PWY-7229: superpathway of adenosine nucleotides de novo biosynthesis I	treatment	F. prausnitzii	treatmentF. prausnitzii	0.2595827171021209	0.04765376185067101	0.2335168317974802	0.3869607133091235	0.8077798680034695	0.3869607133091235	0.796985310192963	NA	linear	16	16
PWY-7234: inosine-5'-phosphate biosynthesis III	treatment	F. prausnitzii	treatmentF. prausnitzii	0.49489478962466166	0.04765376185067101	0.5448641875858636	0.4262061392904757	0.8077798680034695	0.4262061392904757	0.8104637544872275	NA	linear	16	16
PWY-7663: gondoate biosynthesis (anaerobic)	treatment	F. prausnitzii	treatmentF. prausnitzii	0.24670970432730696	0.04765376185067101	0.21204253691953484	0.37355493141358886	0.8077798680034695	0.37355493141358886	0.795723175819357	NA	linear	16	16
PWY-7790: UMP biosynthesis II	treatment	F. prausnitzii	treatmentF. prausnitzii	-8.397387528056147e-5	0.04765376185067101	0.02566293810150818	0.38583489060577625	0.8077798680034695	0.38583489060577625	0.796985310192963	NA	linear	16	16
PWY-7791: UMP biosynthesis III	treatment	F. prausnitzii	treatmentF. prausnitzii	-8.397387528056147e-5	0.04765376185067101	0.02566293810150818	0.38518795715860055	0.8077798680034695	0.38518795715860055	0.796985310192963	NA	linear	16	16
PWY-821: superpathway of sulfur amino acid biosynthesis (Saccharomyces cerevisiae)	treatment	F. prausnitzii	treatmentF. prausnitzii	0.5443777254080536	0.04765376185067101	0.5296663452060905	0.3768655623258317	0.8077798680034695	0.6117034725844981	0.8726595411641234	NA	linear	16	10
PWY-841: superpathway of purine nucleotides de novo biosynthesis I	treatment	F. prausnitzii	treatmentF. prausnitzii	0.2255028126082606	0.04765376185067101	0.2175533193908237	0.4359675998504118	0.8077798680034695	0.4359675998504118	0.8104637544872275	NA	linear	16	16
PWY0-1061: superpathway of L-alanine biosynthesis	treatment	F. prausnitzii	treatmentF. prausnitzii	-0.39180173708324545	0.04765376185067101	0.5443055872242493	0.4339246488504025	0.8077798680034695	0.4339246488504025	0.8104637544872275	NA	linear	16	16
PWY0-1298: superpathway of pyrimidine deoxyribonucleosides degradation	treatment	F. prausnitzii	treatmentF. prausnitzii	-0.26879042857021057	0.04765376185067101	0.3911094519281706	0.4341839075789202	0.8077798680034695	0.4341839075789202	0.8104637544872275	NA	linear	16	16
PWY0-1479: tRNA processing	treatment	F. prausnitzii	treatmentF. prausnitzii	-0.8854406090705209	0.04765376185067101	0.9291945534243352	0.4212663170437514	0.8077798680034695	0.4903680281602466	0.837379895926568	NA	linear	16	4
PWY0-1586: peptidoglycan maturation (meso-diaminopimelate containing)	treatment	F. prausnitzii	treatmentF. prausnitzii	0.21799216441029315	0.04765376185067101	0.19957533744935432	0.4180879325204132	0.8077798680034695	0.4180879325204132	0.8104637544872275	NA	linear	16	16
PWY-6121: 5-aminoimidazole ribonucleotide biosynthesis I	treatment	F. prausnitzii	treatmentF. prausnitzii	-0.02007091009748018	0.04765376185067101	0.0738885594610743	0.44675859291119857	0.8173879188689194	0.44675859291119857	0.8104637544872275	NA	linear	16	16
PWY-3841: folate transformations II (plants)	treatment	F. prausnitzii	treatmentF. prausnitzii	0.11206169305300738	0.04765376185067101	0.06948871578348814	0.4508367508883935	0.8175173082776201	0.4508367508883935	0.8104637544872275	NA	linear	16	16
PWY-6700: queuosine biosynthesis I (de novo)	treatment	F. prausnitzii	treatmentF. prausnitzii	0.10198782121907606	0.04765376185067101	0.05267237836573986	0.4500568509958267	0.8175173082776201	0.4500568509958267	0.8104637544872275	NA	linear	16	16
CRNFORCAT-PWY: creatinine degradation I	treatment	F. prausnitzii	treatmentF. prausnitzii	0.6811999915798201	0.04765376185067101	0.80838795088394	0.4591917118314295	0.8270957836959777	0.7075263954481804	0.9127886466179108	NA	linear	16	9
PWY-6823: molybdopterin biosynthesis	treatment	F. prausnitzii	treatmentF. prausnitzii	-0.13462343738090154	0.04765376185067101	0.23765444940961183	0.4622005850065758	0.8270957836959777	0.4622005850065758	0.8261171375692246	NA	linear	16	16
PWY-7090: UDP-2,3-diacetamido-2,3-dideoxy-&alpha;-D-mannuronate biosynthesis	treatment	F. prausnitzii	treatmentF. prausnitzii	-0.475222847579558	0.04765376185067101	0.6846515255646723	0.46173690221342856	0.8270957836959777	0.7102728375612039	0.9127886466179108	NA	linear	16	13
PWY-6590: superpathway of Clostridium acetobutylicum acidogenic fermentation	treatment	F. prausnitzii	treatmentF. prausnitzii	-0.13833136555784192	0.04765376185067101	0.2451678599665914	0.46674180191060133	0.8315749134477088	0.46674180191060133	0.8294668593954115	NA	linear	16	16
P441-PWY: superpathway of N-acetylneuraminate degradation	treatment	F. prausnitzii	treatmentF. prausnitzii	-0.08910783672714934	0.04765376185067101	0.18199188947207934	0.4764182724068249	0.8418630213905175	0.4764182724068249	0.837379895926568	NA	linear	16	16
P461-PWY: hexitol fermentation to lactate, formate, ethanol and acetate	treatment	F. prausnitzii	treatmentF. prausnitzii	-0.16840073698192656	0.04765376185067101	0.29228103192243876	0.4766430341696313	0.8418630213905175	0.4766430341696313	0.837379895926568	NA	linear	16	16
CENTFERM-PWY: pyruvate fermentation to butanoate	treatment	F. prausnitzii	treatmentF. prausnitzii	-0.1376473252838225	0.04765376185067101	0.2566842037494713	0.4881652120440976	0.8584974418706544	0.4881652120440976	0.837379895926568	NA	linear	16	16
PWY-6122: 5-aminoimidazole ribonucleotide biosynthesis II	treatment	F. prausnitzii	treatmentF. prausnitzii	-0.014383542212977225	0.04765376185067101	0.07640929163079234	0.494261404644428	0.8647691395474332	0.494261404644428	0.837379895926568	NA	linear	16	16
PWY-6277: superpathway of 5-aminoimidazole ribonucleotide biosynthesis	treatment	F. prausnitzii	treatmentF. prausnitzii	-0.014383542212977225	0.04765376185067101	0.07640929163079234	0.4959705359169102	0.8647691395474332	0.4959705359169102	0.837379895926568	NA	linear	16	16
PWY-6386: UDP-N-acetylmuramoyl-pentapeptide biosynthesis II (lysine-containing)	treatment	F. prausnitzii	treatmentF. prausnitzii	0.08723322674223095	0.04765376185067101	0.0352603817994647	0.5061974933575395	0.8714285961598148	0.5061974933575395	0.837379895926568	NA	linear	16	16
PWY-6892: thiazole component of thiamine diphosphate biosynthesis I	treatment	F. prausnitzii	treatmentF. prausnitzii	-0.07323718196061704	0.04765376185067101	0.17107230739299348	0.5042097731451831	0.8714285961598148	0.5042097731451831	0.837379895926568	NA	linear	16	16
PWY-7228: superpathway of guanosine nucleotides de novo biosynthesis I	treatment	F. prausnitzii	treatmentF. prausnitzii	0.22319322424664748	0.04765376185067101	0.2537101957430936	0.5055256958507433	0.8714285961598148	0.5055256958507433	0.837379895926568	NA	linear	16	16
P42-PWY: incomplete reductive TCA cycle	treatment	F. prausnitzii	treatmentF. prausnitzii	-0.3653841495523195	0.04765376185067101	0.6149630042757303	0.513174185403865	0.8797271749780542	0.513174185403865	0.8399851140031684	NA	linear	16	16
ARO-PWY: chorismate biosynthesis I	treatment	F. prausnitzii	treatmentF. prausnitzii	-0.009497460017288259	0.04765376185067101	0.07309041313511778	0.5173702566037259	0.8832094757084527	0.5173702566037259	0.8424196324804124	NA	linear	16	16
DAPLYSINESYN-PWY: L-lysine biosynthesis I	treatment	F. prausnitzii	treatmentF. prausnitzii	-0.5924460547806227	0.04765376185067101	0.9718317636303897	0.5226142963092477	0.885308874557228	0.4448643564340433	0.8104637544872275	NA	linear	16	14
GALACTITOLCAT-PWY: galactitol degradation	treatment	F. prausnitzii	treatmentF. prausnitzii	0.36995553379035623	0.04765376185067101	0.5275847375781143	0.5521409366122563	0.885308874557228	0.5521409366122563	0.8425022700479823	NA	linear	16	16
PWY-6126: superpathway of adenosine nucleotides de novo biosynthesis II	treatment	F. prausnitzii	treatmentF. prausnitzii	0.20597925947042242	0.04765376185067101	0.24890877332679756	0.5401009603229896	0.885308874557228	0.5401009603229896	0.8425022700479823	NA	linear	16	16
PWY-6470: peptidoglycan biosynthesis V (&beta;-lactam resistance)	treatment	F. prausnitzii	treatmentF. prausnitzii	0.26799751298193325	0.04765376185067101	0.35511430516795234	0.5479219897543677	0.885308874557228	0.6858703313907375	0.8975930563139192	NA	linear	16	15
PWY-7220: adenosine deoxyribonucleotides de novo biosynthesis II	treatment	F. prausnitzii	treatmentF. prausnitzii	0.22776144963031067	0.04765376185067101	0.2803039645688402	0.5349936647677453	0.885308874557228	0.5349936647677453	0.8425022700479823	NA	linear	16	16
PWY-7222: guanosine deoxyribonucleotides de novo biosynthesis II	treatment	F. prausnitzii	treatmentF. prausnitzii	0.22776144963031067	0.04765376185067101	0.2803039645688402	0.5351693267398729	0.885308874557228	0.5351693267398729	0.8425022700479823	NA	linear	16	16
PWY-8178: pentose phosphate pathway (non-oxidative branch) II	treatment	F. prausnitzii	treatmentF. prausnitzii	-0.046791256620664294	0.04765376185067101	0.143407362865294	0.5389378739889268	0.885308874557228	0.5389378739889268	0.8425022700479823	NA	linear	16	16
COA-PWY: coenzyme A biosynthesis I (prokaryotic)	treatment	F. prausnitzii	treatmentF. prausnitzii	0.10272886133864341	0.04765376185067101	0.08354355947444042	0.5702353655689647	0.8900437352439171	0.5702353655689647	0.8425022700479823	NA	linear	16	16
GALACT-GLUCUROCAT-PWY: superpathway of hexuronide and hexuronate degradation	treatment	F. prausnitzii	treatmentF. prausnitzii	-0.08052069199758848	0.04765376185067101	0.2334850800728906	0.597368131899116	0.8900437352439171	0.597368131899116	0.8600994862065976	NA	linear	16	16
GLYCOLYSIS: glycolysis I (from glucose 6-phosphate)	treatment	F. prausnitzii	treatmentF. prausnitzii	0.2195944811315468	0.04765376185067101	0.2876077996719053	0.5632624413181635	0.8900437352439171	0.5632624413181635	0.8425022700479823	NA	linear	16	16
P122-PWY: heterolactic fermentation	treatment	F. prausnitzii	treatmentF. prausnitzii	0.39795138914158545	0.04765376185067101	0.5873239656197667	0.5775963211437194	0.8900437352439171	0.8215751320886802	0.9313654596275379	NA	linear	16	7
PANTO-PWY: phosphopantothenate biosynthesis I	treatment	F. prausnitzii	treatmentF. prausnitzii	-0.052025001720502256	0.04765376185067101	0.1666739658771401	0.5716012185856085	0.8900437352439171	0.5716012185856085	0.8425022700479823	NA	linear	16	16
PWY-1861: formaldehyde assimilation II (assimilatory RuMP Cycle)	treatment	F. prausnitzii	treatmentF. prausnitzii	-0.2552958491737635	0.04765376185067101	0.5573733476117784	0.5959008676185373	0.8900437352439171	0.5959008676185373	0.8600994862065976	NA	linear	16	16
PWY-5392: reductive TCA cycle II	treatment	F. prausnitzii	treatmentF. prausnitzii	-0.16094995715475885	0.04765376185067101	0.3647681181604971	0.5849228631185412	0.8900437352439171	0.8277109704382908	0.9313654596275379	NA	linear	16	10
PWY-5497: purine nucleobases degradation II (anaerobic)	treatment	F. prausnitzii	treatmentF. prausnitzii	-0.0734958985064772	0.04765376185067101	0.21581350010027386	0.5910588330471602	0.8900437352439171	0.6858703313907375	0.8975930563139192	NA	linear	16	15
PWY-6125: superpathway of guanosine nucleotides de novo biosynthesis II	treatment	F. prausnitzii	treatmentF. prausnitzii	0.19387672576059423	0.04765376185067101	0.2601740417114426	0.5875338660577822	0.8900437352439171	0.5875338660577822	0.8538459455325714	NA	linear	16	16
PWY-6385: peptidoglycan biosynthesis III (mycobacteria)	treatment	F. prausnitzii	treatmentF. prausnitzii	0.0777338348712232	0.04765376185067101	0.032067424074893776	0.6003529687561768	0.8900437352439171	0.6003529687561768	0.8604137017657649	NA	linear	16	16
PWY-7117: C4 photosynthetic carbon assimilation cycle, PEPCK type	treatment	F. prausnitzii	treatmentF. prausnitzii	1.1792525554975999	0.04765376185067101	1.980421347949784	0.5982461198084925	0.8900437352439171	0.543633029756829	0.8425022700479823	NA	linear	16	6
PWY-7199: pyrimidine deoxyribonucleosides salvage	treatment	F. prausnitzii	treatmentF. prausnitzii	0.10603148365737787	0.04765376185067101	0.10796627891241709	0.6250356901694745	0.8900437352439171	0.6250356901694745	0.8876077609256007	NA	linear	16	16
PWY-7953: UDP-N-acetylmuramoyl-pentapeptide biosynthesis III (meso-diaminopimelate containing)	treatment	F. prausnitzii	treatmentF. prausnitzii	0.08325111244787202	0.04765376185067101	0.04081368141383384	0.5714394730222196	0.8900437352439171	0.5714394730222196	0.8425022700479823	NA	linear	16	16
PWY0-845: superpathway of pyridoxal 5'-phosphate biosynthesis and salvage	treatment	F. prausnitzii	treatmentF. prausnitzii	-0.11420323237216855	0.04765376185067101	0.30704677835660904	0.609785060699592	0.8900437352439171	0.685870331390739	0.8975930563139192	NA	linear	16	15
PYRIDOXSYN-PWY: pyridoxal 5'-phosphate biosynthesis I	treatment	F. prausnitzii	treatmentF. prausnitzii	-0.10710172139350164	0.04765376185067101	0.3068403219710524	0.6252427565938312	0.8900437352439171	0.685870331390739	0.8975930563139192	NA	linear	16	15
SER-GLYSYN-PWY: superpathway of L-serine and glycine biosynthesis I	treatment	F. prausnitzii	treatmentF. prausnitzii	-0.023986829575743593	0.04765376185067101	0.11746102990582209	0.5770464884624873	0.8900437352439171	0.5770464884624873	0.8465163109048752	NA	linear	16	16
P185-PWY: formaldehyde assimilation III (dihydroxyacetone cycle)	treatment	F. prausnitzii	treatmentF. prausnitzii	-0.307400300468408	0.04765376185067101	0.7223684802119825	0.6338921423446318	0.8918206692296887	0.8659650365629966	0.944965355688042	NA	linear	16	12
PWY-241: C4 photosynthetic carbon assimilation cycle, NADP-ME type	treatment	F. prausnitzii	treatmentF. prausnitzii	1.1687553476143173	0.04765376185067101	2.177329093331121	0.6336956789123591	0.8918206692296887	0.543633029756829	0.8425022700479823	NA	linear	16	6
PWY-7237: myo-, chiro- and scyllo-inositol degradation	treatment	F. prausnitzii	treatmentF. prausnitzii	-0.03563550033770798	0.04765376185067101	0.16352057737645462	0.6298703656113658	0.8918206692296887	0.6298703656113658	0.8904076532051579	NA	linear	16	16
PWY-6507: 4-deoxy-L-threo-hex-4-enopyranuronate degradation	treatment	F. prausnitzii	treatmentF. prausnitzii	0.1574778008655748	0.04765376185067101	0.22589116770427345	0.6403882986761478	0.8978640063912999	0.6403882986761478	0.8971205445418106	NA	linear	16	16
PWY-6163: chorismate biosynthesis from 3-dehydroquinate	treatment	F. prausnitzii	treatmentF. prausnitzii	0.010527656286578055	0.04765376185067101	0.0646167032119766	0.6438613386709438	0.8996418704717296	0.6438613386709438	0.8975930563139192	NA	linear	16	16
PWY0-781: aspartate superpathway	treatment	F. prausnitzii	treatmentF. prausnitzii	-0.0694332663299845	0.04765376185067101	0.24476453368952136	0.6512627546609928	0.90687782901599	0.04979739453397515	0.4991864907437552	NA	linear	16	9
PWY-7282: 4-amino-2-methyl-5-diphosphomethylpyrimidine biosynthesis II	treatment	F. prausnitzii	treatmentF. prausnitzii	-0.08328886580975693	0.04765376185067101	0.28306944666147327	0.6542536935797187	0.9079439012943036	0.685870331390739	0.8975930563139192	NA	linear	16	15
GALACTARDEG-PWY: D-galactarate degradation I	treatment	F. prausnitzii	treatmentF. prausnitzii	-0.06711186143719639	0.04765376185067101	0.2491169527943749	0.6598194527845058	0.909480867351616	0.8445178765754523	0.9313654596275379	NA	linear	16	11
GLUCARGALACTSUPER-PWY: superpathway of D-glucarate and D-galactarate degradation	treatment	F. prausnitzii	treatmentF. prausnitzii	-0.06711186143719639	0.04765376185067101	0.2491169527943749	0.6597662699986699	0.909480867351616	0.8445178765754523	0.9313654596275379	NA	linear	16	11
GLUCARDEG-PWY: D-glucarate degradation I	treatment	F. prausnitzii	treatmentF. prausnitzii	-0.0647134419570376	0.04765376185067101	0.24689226121350666	0.6637335400506621	0.9117955701706065	0.8445178765754523	0.9313654596275379	NA	linear	16	11
PWY-6731: starch degradation III	treatment	F. prausnitzii	treatmentF. prausnitzii	-0.0749282435969967	0.04765376185067101	0.2758836793073003	0.6669397891316935	0.9131256173346676	0.6669397891316935	0.8975930563139192	NA	linear	16	16
COLANSYN-PWY: colanic acid building blocks biosynthesis	treatment	F. prausnitzii	treatmentF. prausnitzii	0.10053176881509923	0.04765376185067101	0.11903756330271358	0.6830926718297241	0.9290060336884248	0.6830926718297241	0.8975930563139192	NA	linear	16	16
PWY-7688: dTDP-&alpha;-D-ravidosamine and dTDP-4-acetyl-&alpha;-D-ravidosamine biosynthesis	treatment	F. prausnitzii	treatmentF. prausnitzii	0.21538421798177548	0.04765376185067101	0.39872301174649255	0.6815195660666657	0.9290060336884248	0.6815195660666657	0.8975930563139192	NA	linear	16	16
PWY-5505: L-glutamate and L-glutamine biosynthesis	treatment	F. prausnitzii	treatmentF. prausnitzii	-0.02556343106707002	0.04765376185067101	0.17275284786059927	0.6869040109411986	0.9310858354286013	0.6869040109411986	0.8975930563139192	NA	linear	16	16
GALACTUROCAT-PWY: D-galacturonate degradation I	treatment	F. prausnitzii	treatmentF. prausnitzii	-0.026578236978510833	0.04765376185067101	0.18119680708385305	0.695581024554061	0.9397253576756851	0.695581024554061	0.9051284461770417	NA	linear	16	16
PWY-5097: L-lysine biosynthesis VI	treatment	F. prausnitzii	treatmentF. prausnitzii	0.026081433662411075	0.04765376185067101	0.029804593505868164	0.6991233154437362	0.9413937712905756	0.6991233154437362	0.9059472962625081	NA	linear	16	16
PWY-5030: L-histidine degradation III	treatment	F. prausnitzii	treatmentF. prausnitzii	0.15321385024704384	0.04765376185067101	0.2794997941712839	0.714042494536117	0.9583201900353149	0.714042494536117	0.913856855147047	NA	linear	16	16
PWY-5136: fatty acid &beta;-oxidation II (plant peroxisome)	treatment	F. prausnitzii	treatmentF. prausnitzii	-0.1551357671068298	0.04765376185067101	0.5595306213325285	0.7228020677529776	0.9614646549483588	0.7228020677529776	0.9151971698558314	NA	linear	16	16
PWY-5659: GDP-mannose biosynthesis	treatment	F. prausnitzii	treatmentF. prausnitzii	0.10192979748849135	0.04765376185067101	0.1515271745380206	0.7352376773134508	0.9614646549483588	0.7352376773134508	0.9183089062027437	NA	linear	16	16
PWY-5667: CDP-diacylglycerol biosynthesis I	treatment	F. prausnitzii	treatmentF. prausnitzii	0.0259740010263191	0.04765376185067101	0.040269679412505505	0.7268607747729594	0.9614646549483588	0.7268607747729594	0.9151971698558314	NA	linear	16	16
PWY-5910: superpathway of geranylgeranyldiphosphate biosynthesis I (via mevalonate)	treatment	F. prausnitzii	treatmentF. prausnitzii	0.34951852727280014	0.04765376185067101	0.8113642240242827	0.728791148984564	0.9614646549483588	0.926445759130887	0.9833816161593775	NA	linear	16	6
PWY-7328: superpathway of UDP-glucose-derived O-antigen building blocks biosynthesis	treatment	F. prausnitzii	treatmentF. prausnitzii	0.09863228687977339	0.04765376185067101	0.1392733613313722	0.7322943945805305	0.9614646549483588	0.7322943945805305	0.9183089062027437	NA	linear	16	16
PWY0-1319: CDP-diacylglycerol biosynthesis II	treatment	F. prausnitzii	treatmentF. prausnitzii	0.0259740010263191	0.04765376185067101	0.040269679412505505	0.726837683679707	0.9614646549483588	0.726837683679707	0.9151971698558314	NA	linear	16	16
PWY66-409: superpathway of purine nucleotide salvage	treatment	F. prausnitzii	treatmentF. prausnitzii	-0.23064792960736002	0.04765376185067101	0.8018328242625237	0.7346710499438387	0.9614646549483588	0.44486435643404243	0.8104637544872275	NA	linear	16	14
RHAMCAT-PWY: L-rhamnose degradation I	treatment	F. prausnitzii	treatmentF. prausnitzii	0.0897602201113039	0.04765376185067101	0.10650250961802449	0.7208477903244406	0.9614646549483588	0.7208477903244406	0.9151971698558314	NA	linear	16	16
PWY-7345: superpathway of anaerobic sucrose degradation	treatment	F. prausnitzii	treatmentF. prausnitzii	-0.043394818373859646	0.04765376185067101	0.2643243733217721	0.7386831320086145	0.9628840826182579	0.7386831320086145	0.9189218162187164	NA	linear	16	16
PWY-6906: chitin derivatives degradation	treatment	F. prausnitzii	treatmentF. prausnitzii	0.5537073238579936	0.04765376185067101	1.1759698629918909	0.7412817964386837	0.9631941813598184	0.8004752325052125	0.9313654596275379	NA	linear	16	3
PWY-6936: seleno-amino acid biosynthesis (plants)	treatment	F. prausnitzii	treatmentF. prausnitzii	0.3905112308453165	0.04765376185067101	1.0464249562260126	0.7484378100991524	0.9685774413175253	0.6858703313907384	0.8975930563139192	NA	linear	16	15
PWY-6992: 1,5-anhydrofructose degradation	treatment	F. prausnitzii	treatmentF. prausnitzii	0.5345375504162092	0.04765376185067101	1.1765941680759795	0.7501727241576912	0.9685774413175253	0.8004752325052125	0.9313654596275379	NA	linear	16	3
GLUCUROCAT-PWY: superpathway of &beta;-D-glucuronosides degradation	treatment	F. prausnitzii	treatmentF. prausnitzii	0.11051005881532672	0.04765376185067101	0.19833890610369467	0.7612626276565613	0.9797954324412523	0.7612626276565613	0.9313654596275379	NA	linear	16	16
GLUCONEO-PWY: gluconeogenesis I	treatment	F. prausnitzii	treatmentF. prausnitzii	0.08009249263230409	0.04765376185067101	0.09746929859052872	0.7662121080150843	0.9799828842324589	0.7662121080150843	0.9313654596275379	NA	linear	16	16
PWY0-162: superpathway of pyrimidine ribonucleotides de novo biosynthesis	treatment	F. prausnitzii	treatmentF. prausnitzii	-0.15167032797699487	0.04765376185067101	0.6522043665783305	0.7647117467201969	0.9799828842324589	0.7647117467201969	0.9313654596275379	NA	linear	16	16
P125-PWY: superpathway of (R,R)-butanediol biosynthesis	treatment	F. prausnitzii	treatmentF. prausnitzii	-0.3202152801710374	0.04765376185067101	1.036307061345617	0.7827943961538208	0.9918637069278227	0.8004752325052122	0.9313654596275379	NA	linear	16	3
PWY-5913: partial TCA cycle (obligate autotrophs)	treatment	F. prausnitzii	treatmentF. prausnitzii	0.6304572568798189	0.04765376185067101	1.9637436261715902	0.7784793377170236	0.9918637069278227	0.8601873381890696	0.9419657118901431	NA	linear	16	7
PWY-7184: pyrimidine deoxyribonucleotides de novo biosynthesis I	treatment	F. prausnitzii	treatmentF. prausnitzii	-0.2265861076024973	0.04765376185067101	0.9706731698491666	0.7827601445165542	0.9918637069278227	0.800475232505212	0.9313654596275379	NA	linear	16	13
PWY-6545: pyrimidine deoxyribonucleotides de novo biosynthesis III	treatment	F. prausnitzii	treatmentF. prausnitzii	-0.2163364519201077	0.04765376185067101	0.9580480899092179	0.7879191166433965	0.9921944431805735	0.800475232505212	0.9313654596275379	NA	linear	16	13
PWY-6608: guanosine nucleotides degradation III	treatment	F. prausnitzii	treatmentF. prausnitzii	-1.4611334087133066e-4	0.04765376185067101	0.1663632545192831	0.7859190445516855	0.9921944431805735	0.7859190445516855	0.9313654596275379	NA	linear	16	16
PWY-6292: superpathway of L-cysteine biosynthesis (mammalian)	treatment	F. prausnitzii	treatmentF. prausnitzii	-0.07839860447436851	0.04765376185067101	0.4931013889974972	0.8022621475721436	0.9979358421019348	0.8022621475721436	0.9313654596275379	NA	linear	16	16
PWY-8187: L-arginine degradation XIII (reductive Stickland reaction)	treatment	F. prausnitzii	treatmentF. prausnitzii	0.004945734271900832	0.04765376185067101	0.1559073411888934	0.7967200816031044	0.9979358421019348	0.7967200816031044	0.9313654596275379	NA	linear	16	16
SALVADEHYPOX-PWY: adenosine nucleotides degradation II	treatment	F. prausnitzii	treatmentF. prausnitzii	-7.00189225806267e-4	0.04765376185067101	0.1832069551192019	0.8020179167443384	0.9979358421019348	0.8020179167443384	0.9313654596275379	NA	linear	16	16
THISYNARA-PWY: superpathway of thiamine diphosphate biosynthesis III (eukaryotes)	treatment	F. prausnitzii	treatmentF. prausnitzii	0.08456938753033527	0.04765376185067101	0.13641388427658369	0.8006912837546207	0.9979358421019348	0.8006912837546207	0.9313654596275379	NA	linear	16	16
ASPASN-PWY: superpathway of L-aspartate and L-asparagine biosynthesis	treatment	F. prausnitzii	treatmentF. prausnitzii	0.07898810238240592	0.04765376185067101	0.18417581873363406	0.8706925068269238	1	0.8706925068269238	0.9452704582142496	NA	linear	16	16
CITRULBIO-PWY: L-citrulline biosynthesis	treatment	F. prausnitzii	treatmentF. prausnitzii	-0.006232027092484573	0.04765376185067101	0.3435949671610078	0.8787430902892721	1	0.8787430902892721	0.9452704582142496	NA	linear	16	16
GLUCOSE1PMETAB-PWY: glucose and glucose-1-phosphate degradation	treatment	F. prausnitzii	treatmentF. prausnitzii	-8.601166773482602e-4	0.04765376185067101	0.3338607036806683	0.8947203537438251	1	0.8445178765754495	0.9313654596275379	NA	linear	16	5
GLUDEG-I-PWY: GABA shunt	treatment	F. prausnitzii	treatmentF. prausnitzii	0.11058597140958101	0.04765376185067101	0.8884204928232917	0.9447068258521703	1	0.9969426648926578	0.9998600244069463	NA	linear	16	14
GOLPDLCAT-PWY: superpathway of glycerol degradation to 1,3-propanediol	treatment	F. prausnitzii	treatmentF. prausnitzii	0.028705803056701184	0.04765376185067101	0.653651384478301	0.9773417722646287	1	0.9773417722646287	0.9998600244069463	NA	linear	16	16
HSERMETANA-PWY: L-methionine biosynthesis III	treatment	F. prausnitzii	treatmentF. prausnitzii	0.03519297791261363	0.04765376185067101	0.12551027357589664	0.9264656383752334	1	0.9264656383752334	0.9833816161593775	NA	linear	16	16
NONMEVIPP-PWY: methylerythritol phosphate pathway I	treatment	F. prausnitzii	treatmentF. prausnitzii	0.03729602426259088	0.04765376185067101	0.04658551568717131	0.8759899724969533	1	0.8759899724969533	0.9452704582142496	NA	linear	16	16
P108-PWY: pyruvate fermentation to propanoate I	treatment	F. prausnitzii	treatmentF. prausnitzii	0.13607724206843994	0.04765376185067101	0.3578539157062423	0.8108906417886157	1	0.4903680281602456	0.837379895926568	NA	linear	16	12
P23-PWY: reductive TCA cycle I	treatment	F. prausnitzii	treatmentF. prausnitzii	0.012826411601523553	0.04765376185067101	0.5833714089907878	0.9562993719982851	1	0.8445178765754517	0.9313654596275379	NA	linear	16	5
P4-PWY: superpathway of L-lysine, L-threonine and L-methionine biosynthesis I	treatment	F. prausnitzii	treatmentF. prausnitzii	0.023564117977699545	0.04765376185067101	0.24582748333500487	0.9256186347360866	1	0.04979739453397515	0.4991864907437552	NA	linear	16	9
PANTOSYN-PWY: superpathway of coenzyme A biosynthesis I (bacteria)	treatment	F. prausnitzii	treatmentF. prausnitzii	0.019505102420025816	0.04765376185067101	0.13058267462154988	0.8411072963115787	1	0.8411072963115787	0.9313654596275379	NA	linear	16	16
PEPTIDOGLYCANSYN-PWY: peptidoglycan biosynthesis I (meso-diaminopimelate containing)	treatment	F. prausnitzii	treatmentF. prausnitzii	0.04627366695359473	0.04765376185067101	0.030368250234445855	0.9803968048937584	1	0.9803968048937584	0.9998600244069463	NA	linear	16	16
PROPFERM-PWY: superpathway of L-alanine fermentation (Stickland reaction)	treatment	F. prausnitzii	treatmentF. prausnitzii	0.023531643551301194	0.04765376185067101	0.4758805766065199	0.9605669153548895	1	0.9984450318353715	0.9998600244069463	NA	linear	16	14
PWY-3001: superpathway of L-isoleucine biosynthesis I	treatment	F. prausnitzii	treatmentF. prausnitzii	0.05908209451293756	0.04765376185067101	0.1673002940790713	0.9481180186863492	1	0.9481180186863492	0.9995413688523884	NA	linear	16	16
PWY-4984: urea cycle	treatment	F. prausnitzii	treatmentF. prausnitzii	-0.005282133643462429	0.04765376185067101	0.3453206047372391	0.881441906373416	1	0.881441906373416	0.9452704582142496	NA	linear	16	16
PWY-5022: 4-aminobutanoate degradation V	treatment	F. prausnitzii	treatmentF. prausnitzii	0.06470074540872345	0.04765376185067101	0.8426622468595387	0.984196429725672	1	0.9997502471665844	0.9998600244069463	NA	linear	16	14
PWY-5121: superpathway of geranylgeranyl diphosphate biosynthesis II (via MEP)	treatment	F. prausnitzii	treatmentF. prausnitzii	-0.03457012439168061	0.04765376185067101	1.0536418400721332	0.9393814112665622	1	0.49036802816024594	0.837379895926568	NA	linear	16	12
PWY-5345: superpathway of L-methionine biosynthesis (by sulfhydrylation)	treatment	F. prausnitzii	treatmentF. prausnitzii	0.08754100023784044	0.04765376185067101	0.42068144883354996	0.9261715005971158	1	0.6858703313907384	0.8975930563139192	NA	linear	16	15
PWY-5494: pyruvate fermentation to propanoate II (acrylate pathway)	treatment	F. prausnitzii	treatmentF. prausnitzii	0.02085510744463485	0.04765376185067101	0.5135134200728279	0.9594029123534955	1	0.998351876474622	0.9998600244069463	NA	linear	16	14
PWY-5723: Rubisco shunt	treatment	F. prausnitzii	treatmentF. prausnitzii	0.09091481889358945	0.04765376185067101	1.2773080874917373	0.9740733180156205	1	0.55989856141844	0.8425022700479823	NA	linear	16	8
PWY-5981: CDP-diacylglycerol biosynthesis III	treatment	F. prausnitzii	treatmentF. prausnitzii	0.16454924217523179	0.04765376185067101	1.5978417347002536	0.9432725471167731	1	0.8445178765754514	0.9313654596275379	NA	linear	16	11
PWY-6151: S-adenosyl-L-methionine salvage I	treatment	F. prausnitzii	treatmentF. prausnitzii	0.06532783093217392	0.04765376185067101	0.07276761764626201	0.8388531593104007	1	0.8388531593104007	0.9313654596275379	NA	linear	16	16
PWY-6293: superpathway of L-cysteine biosynthesis (fungi)	treatment	F. prausnitzii	treatmentF. prausnitzii	0.013196916388475012	0.04765376185067101	1.444577217225877	0.9817555859015359	1	0.9996671413542038	0.9998600244069463	NA	linear	16	8
PWY-6387: UDP-N-acetylmuramoyl-pentapeptide biosynthesis I (meso-diaminopimelate containing)	treatment	F. prausnitzii	treatmentF. prausnitzii	0.04970328029585948	0.04765376185067101	0.0319213585977804	0.9712180875984033	1	0.9712180875984033	0.9998600244069463	NA	linear	16	16
PWY-6630: superpathway of L-tyrosine biosynthesis	treatment	F. prausnitzii	treatmentF. prausnitzii	-0.036138929788558684	0.04765376185067101	0.3822800203094798	0.8304174495278558	1	0.8304174495278558	0.9313654596275379	NA	linear	16	16
PWY-6749: CMP-legionaminate biosynthesis I	treatment	F. prausnitzii	treatmentF. prausnitzii	0.02820501362390435	0.04765376185067101	0.39359200690091156	0.9614199382273303	1	0.9614199382273303	0.9998600244069463	NA	linear	16	16
PWY-7013: (S)-propane-1,2-diol degradation	treatment	F. prausnitzii	treatmentF. prausnitzii	-0.015060397789393873	0.04765376185067101	0.418948082021063	0.8840204801192559	1	0.6858703313907379	0.8975930563139192	NA	linear	16	15
PWY-702: L-methionine biosynthesis II	treatment	F. prausnitzii	treatmentF. prausnitzii	0.04578985052040284	0.04765376185067101	0.15469891617992568	0.9908780133605513	1	0.9908780133605513	0.9998600244069463	NA	linear	16	16
PWY-7197: pyrimidine deoxyribonucleotide phosphorylation	treatment	F. prausnitzii	treatmentF. prausnitzii	0.1136396557295914	0.04765376185067101	0.26501778015967137	0.8091726183917975	1	0.8091726183917975	0.9313654596275379	NA	linear	16	16
PWY-7198: pyrimidine deoxyribonucleotides de novo biosynthesis IV	treatment	F. prausnitzii	treatmentF. prausnitzii	0.0149905163165896	0.04765376185067101	0.19579061169002707	0.8727256478818861	1	0.8727256478818861	0.9452704582142496	NA	linear	16	16
PWY-7208: superpathway of pyrimidine nucleobases salvage	treatment	F. prausnitzii	treatmentF. prausnitzii	0.1082477857300346	0.04765376185067101	0.2576456758920588	0.8197907435631011	1	0.8197907435631011	0.9313654596275379	NA	linear	16	16
PWY-7242: D-fructuronate degradation	treatment	F. prausnitzii	treatmentF. prausnitzii	0.05054154595669599	0.04765376185067101	0.1718183033629656	0.9872121589683995	1	0.9872121589683995	0.9998600244069463	NA	linear	16	16
PWY-7279: aerobic respiration II (cytochrome c) (yeast)	treatment	F. prausnitzii	treatmentF. prausnitzii	0.07733199714992545	0.04765376185067101	0.6836764461102605	0.966444060922306	1	0.543633029756829	0.8425022700479823	NA	linear	16	10
PWY-7323: superpathway of GDP-mannose-derived O-antigen building blocks biosynthesis	treatment	F. prausnitzii	treatmentF. prausnitzii	0.06101764251338273	0.04765376185067101	0.15562916113831846	0.9351777987415062	1	0.9351777987415062	0.9892527054714572	NA	linear	16	16
PWY-7356: thiamine diphosphate salvage IV (yeast)	treatment	F. prausnitzii	treatmentF. prausnitzii	0.05301476839552263	0.04765376185067101	0.14408075876428814	0.9720146002070389	1	0.9720146002070389	0.9998600244069463	NA	linear	16	16
PWY-7357: thiamine phosphate formation from pyrithiamine and oxythiamine (yeast)	treatment	F. prausnitzii	treatmentF. prausnitzii	0.04903385674774728	0.04765376185067101	0.11662229304731009	0.9913193290510949	1	0.9913193290510949	0.9998600244069463	NA	linear	16	16
PWY-7820: teichuronic acid biosynthesis (B. subtilis 168)	treatment	F. prausnitzii	treatmentF. prausnitzii	0.01907370732897067	0.04765376185067101	0.46885254595853865	0.9527119377498683	1	0.8004752325052117	0.9313654596275379	NA	linear	16	13
PWY-801: homocysteine and cysteine interconversion	treatment	F. prausnitzii	treatmentF. prausnitzii	0.025079800032673214	0.04765376185067101	1.460062226071149	0.9881688718604837	1	0.9998600244069463	0.9998600244069463	NA	linear	16	8
PWY-8188: L-alanine degradation VI (reductive Stickland reaction)	treatment	F. prausnitzii	treatmentF. prausnitzii	0.023531643551301194	0.04765376185067101	0.4758805766065199	0.9605737297811698	1	0.9984455692166319	0.9998600244069463	NA	linear	16	14
PWY-8189: L-alanine degradation V (oxidative Stickland reaction)	treatment	F. prausnitzii	treatmentF. prausnitzii	0.023531643551301194	0.04765376185067101	0.4758805766065199	0.96058354703107	1	0.9984463432353481	0.9998600244069463	NA	linear	16	14
PWY-922: mevalonate pathway I (eukaryotes and bacteria)	treatment	F. prausnitzii	treatmentF. prausnitzii	-0.1785239952267671	0.04765376185067101	1.266564074229867	0.8652884933271996	1	0.8601873381890696	0.9419657118901431	NA	linear	16	7
PWY0-166: superpathway of pyrimidine deoxyribonucleotides de novo biosynthesis (E. coli)	treatment	F. prausnitzii	treatmentF. prausnitzii	0.1643281881876392	0.04765376185067101	0.9356418662796044	0.9032414405466134	1	0.4903680281602456	0.837379895926568	NA	linear	16	12
PWY1ZNC-1: assimilatory sulfate reduction IV	treatment	F. prausnitzii	treatmentF. prausnitzii	-0.02149635246705522	0.04765376185067101	0.28973026329454915	0.8162459230403503	1	0.8162459230403503	0.9313654596275379	NA	linear	16	16
PWY66-391: fatty acid &beta;-oxidation VI (mammalian peroxisome)	treatment	F. prausnitzii	treatmentF. prausnitzii	0.09743240077599044	0.04765376185067101	0.5762532490222626	0.9328037508889833	1	0.8004752325052114	0.9313654596275379	NA	linear	16	13
SO4ASSIM-PWY: assimilatory sulfate reduction I	treatment	F. prausnitzii	treatmentF. prausnitzii	-0.011812183118290322	0.04765376185067101	0.28928455398379715	0.8419787687257316	1	0.8419787687257316	0.9313654596275379	NA	linear	16	16
SULFATE-CYS-PWY: superpathway of sulfate assimilation and cysteine biosynthesis	treatment	F. prausnitzii	treatmentF. prausnitzii	-0.011379894775606032	0.04765376185067101	0.23956482175058091	0.8123232059078824	1	0.8123232059078824	0.9313654596275379	NA	linear	16	16
TRNA-CHARGING-PWY: tRNA charging	treatment	F. prausnitzii	treatmentF. prausnitzii	0.05444672172827617	0.04765376185067101	0.022765990118434668	0.8969713532345958	1	0.8969713532345958	0.9586188689208223	NA	linear	16	16
UNINTEGRATED	treatment	F. prausnitzii	treatmentF. prausnitzii	0.06179339078798185	0.04765376185067101	0.03968907282619658	0.8186218590991361	1	0.8186218590991361	0.9313654596275379	NA	linear	16	16
METHGLYUT-PWY: superpathway of methylglyoxal degradation	treatment	F. prausnitzii	treatmentF. prausnitzii	NA	NA	NA	NA	NA	0.10273950344248473	0.4991864907437552	contrasts can be applied only to factors with 2 or more levels	linear	16	4
POLYAMINSYN3-PWY: superpathway of polyamine biosynthesis II	treatment	F. prausnitzii	treatmentF. prausnitzii	NA	NA	NA	NA	NA	0.25492574627359654	0.6752880382991812	No data points have the baseline factor level	linear	16	2
PWY-5837: 2-carboxy-1,4-naphthoquinol biosynthesis	treatment	F. prausnitzii	treatmentF. prausnitzii	NA	NA	NA	NA	NA	0.10273950344248353	0.4991864907437552	No data points have the baseline factor level	linear	16	4
PWY-5838: superpathway of menaquinol-8 biosynthesis I	treatment	F. prausnitzii	treatmentF. prausnitzii	NA	NA	NA	NA	NA	0.10273950344248353	0.4991864907437552	No data points have the baseline factor level	linear	16	4
PWY-5840: superpathway of menaquinol-7 biosynthesis	treatment	F. prausnitzii	treatmentF. prausnitzii	NA	NA	NA	NA	NA	0.10273950344248353	0.4991864907437552	No data points have the baseline factor level	linear	16	4
PWY-5861: superpathway of demethylmenaquinol-8 biosynthesis I	treatment	F. prausnitzii	treatmentF. prausnitzii	NA	NA	NA	NA	NA	0.10273950344248353	0.4991864907437552	No data points have the baseline factor level	linear	16	4
PWY-5897: superpathway of menaquinol-11 biosynthesis	treatment	F. prausnitzii	treatmentF. prausnitzii	NA	NA	NA	NA	NA	0.10273950344248353	0.4991864907437552	No data points have the baseline factor level	linear	16	4
PWY-5898: superpathway of menaquinol-12 biosynthesis	treatment	F. prausnitzii	treatmentF. prausnitzii	NA	NA	NA	NA	NA	0.10273950344248353	0.4991864907437552	No data points have the baseline factor level	linear	16	4
PWY-5899: superpathway of menaquinol-13 biosynthesis	treatment	F. prausnitzii	treatmentF. prausnitzii	NA	NA	NA	NA	NA	0.10273950344248353	0.4991864907437552	No data points have the baseline factor level	linear	16	4
PWY-7312: dTDP-&beta;-D-fucofuranose biosynthesis	treatment	F. prausnitzii	treatmentF. prausnitzii	NA	NA	NA	NA	NA	0.16040716842105038	0.5793948114370989	No data points have the baseline factor level	linear	16	3
REDCITCYC: TCA cycle VI (Helicobacter)	treatment	F. prausnitzii	treatmentF. prausnitzii	NA	NA	NA	NA	NA	0.2549257462735966	0.6752880382991812	No data points have the baseline factor level	linear	16	2
